<?xml version="1.0" encoding="UTF-8"?>
<project-private xmlns="http://www.netbeans.org/ns/project-private/1">
    <editor-bookmarks xmlns="http://www.netbeans.org/ns/editor-bookmarks/2" lastBookmarkId="0"/>
    <open-files xmlns="http://www.netbeans.org/ns/projectui-open-files/2">
        <group>
            <file>file:/C:/Users/gdupim/Documents/NetBeansProjects/JogoRPG/src/jogorpg/GerarArmas.java</file>
            <file>file:/C:/Users/gdupim/Documents/NetBeansProjects/JogoRPG/src/jogorpg/JogoRPG.java</file>
            <file>file:/C:/Users/gdupim/Documents/NetBeansProjects/JogoRPG/src/jogorpg/GerarInimigo.java</file>
            <file>file:/C:/Users/gdupim/Documents/NetBeansProjects/JogoRPG/src/jogorpg/Jogo.java</file>
            <file>file:/C:/Users/gdupim/Documents/NetBeansProjects/JogoRPG/src/jogorpg/Itens.java</file>
            <file>file:/C:/Users/gdupim/Documents/NetBeansProjects/JogoRPG/src/jogorpg/GerarHeroi.java</file>
            <file>file:/C:/Users/gdupim/Documents/NetBeansProjects/JogoRPG/src/jogorpg/Personagens.java</file>
            <file>file:/C:/Users/gdupim/Documents/NetBeansProjects/JogoRPG/src/jogorpg/GerarColetaveis.java</file>
        </group>
    </open-files>
</project-private>
